corpname,link,article,pubdate
애드모바일,https://n.news.naver.com/mnews/article/030/0003126447?sid=101,"




모티브인텔리전스(대표 양준모)가 최근 애드저스트(Adjust), 앱스플라이어(AppsFlyer)와 함께 'CTV 광고 인앱 성과측정 지원 측정 방안'을 발표했다고 17일 밝혔다.삼사는 향후 모바일게임, 모바일 커머스, O2O 앱 광고주들이 모티브인텔리전스의 CTV 광고를 집행할 경우 앱 설치, 앱 실행, 회원 가입, 구매 등 앱 내 전환성과를 실시간으로 측정하도록 지원할 계획이다. 이를 통해 관련 광고 성과를 세부적으로 확인토록 돕는다. 모바일 게임이나 모바일 커머스 등 앱 광고주 그룹도 CTV 광고를 퍼포먼스 광고 매체로 적극 활용할 것으로 기대된다는 게 모티브 측 설명이다.정인준 모티브인텔리전스 CTV 광고사업본부 이사는 “이번 협력을 통해 CTV 광고 성과측정을 고객사에 제공하게 돼 기쁘다”고 말했다.CTV 광고 시장은 세계적으로 온라인 동영상 광고 노출의 51%를 차지한다. 지난 2014년 출범한 모티브인텔리전스는 '크로스타겟TV(CrossTargetTV)'를 론칭한 애드테크 기업이다. CTV는 인터넷에 연결된 스마트 TV, TV 스틱, 게임 콘솔, IPTV 셋톱박스 등 여러 스마트기기에 연결된 TV를 의미한다.크로스타겟TV는 TV광고에 프로그래머틱 광고 기술을 접목해 △다양한 CTV 광고 매체와 연동 △국내 4000만 이상 자체 모바일 오디언스(고객군) 데이터 기반 TV 타깃팅 △크로스 디바이스 타깃팅 △투명한 운영성 등을 지원한다.
",2023-08-17 10:45:00
애드모바일,https://n.news.naver.com/mnews/article/003/0012035359?sid=101,"
직장인들 자기 계발과 커리어 관리에 관심스타트업 서비스, 사내복지·업무툴로 도입클래스101, 팀민트, 스펙터, 비즈플레이 등



[서울=뉴시스] 서울 중구 서울시청 인근에서 직장인들이 이동하고 있다. (사진=뉴시스 DB). photo@newsis.com[서울=뉴시스] 배민욱 기자 = MZ세대(밀레니얼+Z세대) 직장인들을 중심으로 자기계발에 대한 니즈(needs)가 이어지고 있는 가운데 직원들의 업무 능력 향상을 돕기 위한 B2B(기업간 거래) 서비스를 도입하는 기업들이 늘고 있다.직장인들의 업무 효율 증진과 커리어 발전을 돕는 스타트업의 B2B 서비스가 국내 기업들의 사내 복지와 주요 업무툴로 활용되고 있어 주목받고 있다. 업계 현직자와 전문가들이 전하는 온라인 클래스부터 경비관리, 인사, 마케팅 등 직무별 솔루션까지 다양하다. 17일 관련 업계에 따르면 온라인 클래스 구독 플랫폼 '클래스101'은 직원 복지와 교육이 한번에 가능한 구독형 복지 B2B 서비스 '클래스101 비즈니스'를 운영하고 있다.클래스101 비즈니스는 자기계발에 시간을 투자하는 직장인들이 늘어남에 따라 구독형 복지로 기업들이 관심을 보이고 있다. 고객사 수는 지난달 기준 전년 동기 대비 약 41% 증가했다. 클래스101은 직장인들이 필요로 하는 커리어·자기계발 관련 클래스를 다채롭게 제공하기 위해 전문성 있는 크리에이터들과 함께 직무 클래스 오픈 및 커리어 전문 플랫폼들과 제휴를 맺는 등 콘텐츠 확장에 노력하고 있다.클래스101은 B2B 서비스를 더욱 강화해 나갈 계획이다. 기존 B2C(기업과 소비자간 거래) 서비스에서만 진행되던 챌린지 기능을 B2B에도 적용한다. 또 챗GPT, AI(인공지능) 등 최신 테크 트렌드 관련 콘텐츠를 지속적으로 제공할 예정이다. 디지털 마케팅 분야에서 풀스택 마케팅 서비스를 제공하고 있는 애드테크 스타트업 팀민트는 최근 마케터들의 일손은 덜어주고 전문성은 강화해 줄 콘텐츠 큐레이션 플랫폼 'MIX'와 마케팅 데이터 솔루션 'ReFit'을 선보였다. MIX는 마케터들에게 필요한 핵심 마케팅 트렌드를 큐레이션 해주는 플랫폼이다. 마케터들이 새로운 인사이트를 얻기 위해 다양한 채널을 탐색·조사하는 시간을 단축해준다. 관련성과 중요도, 콘텐츠의 전문성, 새로운 아이디와 트렌드, 정확성 등의 선별 기준을 통해 다양한 마케팅 기법을 주제로 매일 최신 트렌드 정보도 제공한다. ReFit 서비스는 디지털 마케팅에 있어 비효율적인 업무를 줄이고 데이터 리터러시를 향상시킬 수 있는 마케팅 데이터 자동수집, 통합관리, 리포팅 시각화 기능을 제공하는 솔루션이다. 팀민트의 디지털 마케팅 데이터 노하우가 다방면으로 접목돼 불필요한 업무를 단축시켜준다. 최고의 복지는 동료라는 말이 있다. 같이 일하는 동료는 직장인의 업무 수행은 물론 업무 만족도에 있어 매우 중요하다. 인재 검증 플랫폼 스펙터는 지원자의 업무 역량, 성과, 성향 등의 정보를 제공해 딱 맞는 동료를 찾을 수 있도록 지원한다. 이전 직장 동료와 상사가 작성한 객관적인 평판을 기반으로 한다. 지원자가 스펙터 플랫폼에 평판이 등록돼 있다면 이름과 전화번호만으로 10초만에 열람이 가능하다. 기존에 등록돼 있지 않아도 평균 2일 이내에 등록·확인을 할 수 있다. 스펙터를 통해 지원자가 이력서에 적은 프로젝트에 주도적으로 참여했는지, 직무 역량을 갖췄는지, 기업과 직무에 적합한 성향을 가졌는지 등의 정보를 이전 직장 동료들의 평판을 통해 파악할 수 있다.디지털 경비지출관리 솔루션 '비즈플레이'는 기업 경비 업무의 디지털 전환에 나섰다. 종이 영수증을 모바일 앱 기반의 전자 영수증으로 대체해 반복적인 기업 비용 관리 과정을 스마트폰과 PC로 실시간 처리할 수 있는 서비스다.비즈플레이는 인공지능(AI)와 업무 자동화(RPA)를 기반으로 기업의 비생산적인 단순 업무를 간소화해 직원들의 업무 역량을 필요한 곳에 집중할 수 있도록 돕는다. 비즈플레이는 경비지출관리 외에도 제로페이 기반 모바일 간편결제 서비스 앱 '비플제로페이'와 기업용 식권 서비스 '비플식권'을 통해 편리한 디지털 생태계를 구축하고 있다．
",2023-08-17 09:51:00
애드모바일,https://n.news.naver.com/mnews/article/144/0000907126?sid=103,"




대기업 러브콜 받는 스타트업의 B2B 서비스MZ세대 직장인들을 중심으로 자기계발에 대한 니즈가 꾸준히 이어지고 있는 가운데, 직원들의 업무 능력 향상을 돕기 위한 B2B 서비스를 도입하는 기업들이 늘고 있다.한국산업인력공단에 따르면 최근 5년간 국가기술자격 필기시험에 응시한 MZ세대 재직자는 2018년 이후 연 평균 7.1% 증가율을 기록하며 매년 꾸준히 높아지고 있는 추세다. 이들이 자격증 시험에 응시한 목적은 자기계발이 32.3%로 가장 높았고, 업무수행 능력 향상이 25.6%로 뒤를 이었다. 응시한 시험과 업무와의 연관성이 81%에 달할 만큼 커리어 강화에 집중하고 있는 것으로 분석된다.직장인들의 업무 효율 증진과 커리어 개발을 돕는 스타트업의 B2B 서비스가 국내 기업들의 사내 복지 및 주요 업무툴로 활용되고 있어 주목을 받고 있다. 업계 현직자와 전문가들이 전하는 온라인 클래스부터 경비관리, 인사, 마케팅 등 직무별 솔루션까지 직원들의 업무 향상을 위해 대기업의 러브콜을 받는 스타트업들의 서비스를 살펴뵜다.취미, 커리어, 머니, 어학, 키즈 등 약 5000여개 클래스를 구독 서비스로 마음껏 즐길 수 있는 글로벌 온라인 클래스 구독 플랫폼 ‘클래스101’은 다채로운 카테고리별 콘텐츠를 토대로 직원 복지와 교육이 한 번에 가능한 구독형 복지, B2B 서비스 ‘클래스101 비즈니스’를 운영하고 있다.‘클래스101 비즈니스’는 자기계발에 시간을 투자하는 직장인들이 늘어남에 따라 구독형 복지로 기업들에 각광받고 있으며, 실제로 클래스101 비즈니스의 B2B 고객사 수는 7월 기준 전년 동기 대비 약 41% 증가하며 주목받고 있다. 대표적인 고객사로는 ‘금호타이어’, ‘롯데홈쇼핑’, ‘삼성전자’, ‘현대중공업그룹’, ‘호텔신라’ 등 유수의 기업들이 있으며 이외에도 ‘소상공인시장진흥공단’, ‘한국콘텐츠진흥원’, ‘연세대학교의료원’, ‘강북삼성병원’ 등 공공기관과 ‘평생교육바우처’, ‘국방부’ 등 B2G 서비스도 꾸준히 진행 중에 있다.이처럼 구독형 복지로 주목받으면서 클래스101은 직장인들이 필요로 하는 커리어 및 자기계발 관련 클래스를 다채롭게 제공하기 위해 전문성 있는 크리에이터들과 함께 직무 클래스 오픈 및 커리어 전문 플랫폼들과 제휴를 맺는 등 콘텐츠 확장에 지속 노력 중이다. 실제로 지난 7월 기준 전년 동기 대비 커리어 누적 클래스 수가 107%로 껑충 뛰며 폭넓은 콘텐츠를 선보이고 있다.B2B 서비스 고객들에게 가장 인기 있었던 자기계발 클래스는 △근영쌤 <유학 없이도 유창한 영어 회화, 나 혼자서 100% 말이 트이는 영어 독학법> △괴짜 <스마트폰 카메라 300% 활용법 ‘기종 상관없이 DSLR 같은 풍경 사진 찍기’> △김경수 컨설턴트 <비전공자도 쉽게 배워 바로 써먹는 실무 활용 SQL> △리얼인문학 <전세계인을 사로잡은 고전 문학을 만나다, 유럽 인문학 여행> 등이며, 커리어 분야뿐만 아니라 다양한 분야의 클래스들이 주목받았다.클래스101 비즈니스는 임직원 교육 서비스를 넘어 사내 복지로 활용되고 있어 서비스 이용 만족도도 높다. 실제 B2B 서비스를 이용한 A 기업은 “임직원들의 ‘신청률’과 ‘재이용률’이 중요한 지표인데, 클래스101 비즈니스는 도입 후 매월 주요 지표들이 증가하고 임직원들의 만족도도 높게 평가돼 긍정적으로 활용하고 있다” 등의 평을 받은 바 있다.클래스101은 앞으로도 B2B 서비스를 더욱 강화해 나갈 전망이다. 기존 B2C 서비스에서만 진행되던 챌린지 기능을 B2B에도 적용해 커뮤니티 학습 기능 등 흥미를 높일 수 있는 콘텐츠를 선보이고, 챗GPT, AI 등 최신 테크 트렌드 관련 콘텐츠를 통해 기업들의 기술 혁신에 도움이 될 수 있는 기회를 제공하는 등 B2B 콘텐츠 시장을 선도해 나갈 예정이다.클래스101 B2B & B2G 팀 최종원 리드는 “기업 고객들이 클래스101의 콘텐츠를 믿고 선택하는 만큼 분리되어 있던 B2B와 B2C UX, UI를 통합해 B2B 고객들의 편의성을 더욱 높여 나갈 계획이다”라며 “앞으로도 다양한 자기계발 영역 콘텐츠를 통해 직장인들의 업무 능력과 삶의 만족도를 높일 수 있는 신규 클래스를 지속 선보일 수 있도록 노력하겠다”고 말했다.디지털 마케팅 분야에서 풀스택 마케팅 서비스를 제공하고 있는 애드테크 스타트업 팀민트는 최근 마케터들의 일손은 덜어주고 전문성은 강화해 줄 콘텐츠 큐레이션 플랫폼 ‘MIX’와 마케팅 데이터 솔루션 ‘ReFit’을 선보이며 마케터들의 지원 사격에 나섰다.‘MIX’는 마케터들에게 필요한 핵심 마케팅 트렌드를 큐레이션 해주는 플랫폼이다. 마케터들이 새로운 인사이트를 얻기 위해 다양한 채널을 탐색·조사하는 시간을 단축해 주는 것은 물론 △관련성과 중요도 △콘텐츠의 전문성 △새로운 아이디와 트렌드 △정확성 등의 선별 기준을 통해 다양한 마케팅 기법을 주제로 매일 최신 트렌드 정보를 업데이트해 인사이트를 제공하는 것이 주요 서비스다.마케팅 데이터 솔루션 ‘ReFit’ 서비스는 디지털 마케팅에 있어 비효율적인 업무를 줄이고 데이터 리터러시를 향상시킬 수 있는 △마케팅 데이터 자동수집 △통합관리 △리포팅 시각화 기능을 제공하는 솔루션이다. 팀민트의 디지털 마케팅 데이터 노하우가 다방면으로 접목돼 불필요한 업무를 단축시킬 뿐만 아니라 정확한 데이터 인사이트를 제공하는 것이 핵심이다.‘최고의 복지는 동료’라는 말이 있듯 같이 일하는 동료는 직장인의 업무 수행은 물론 업무 만족도에 있어 매우 중요하다. 인재 검증 플랫폼 스펙터는 이전 직장 동료, 상사가 작성한 객관적인 평판을 기반으로 이력서와 면접만으로 파악하기 어려운 지원자의 업무 역량, 성과, 성향 등의 정보를 입체적으로 제공해 딱 맞는 동료를 찾을 수 있도록 지원한다.지원자가 스펙터 플랫폼에 평판이 등록돼 있다면 이름과 전화번호만으로 10초 만에 열람이 가능하고, 기존에 등록되어 있지 않아도 평균 2일 이내에 등록 및 확인이 가능하다. 스펙터를 통해 지원자가 이력서에 적은 프로젝트에 주도적으로 참여했는지, 직무 역량을 갖추었는지, 기업과 직무에 적합한 성향을 가졌는지 등의 정보를 이전 직장 동료들의 평판을 통해 파악할 수 있다.스펙터는 빠르고 객관적인 레퍼런스 체크라는 강점을 인정받아 LG에너지솔루션, 현대카드, 하나자산신탁, 신한EZ손해보험 등 유수의 기업들이 스펙터의 서비스를 인재 채용에 적극적으로 활용하고 있다. 이용 기업이 증가하면서 평판 조회 열람권 사용량도 지난해 상반기 대비 올해 상반기 261% 이상 증가했으며, 유료 고객사 수도 10배 이상 늘었고, 매출 역시 6배 이상 성장하며 영향력을 넓혀가고 있다.디지털 경비지출관리 솔루션 ‘비즈플레이’는 기업 경비 업무의 디지털 전환에 나섰다. 종이 영수증을 모바일 애플리케이션 기반의 전자 영수증으로 대체해 반복적인 기업 비용 관리 과정을 스마트폰과 PC로 실시간 처리할 수 있는 서비스다.비즈플레이는 인공지능(AI)와 업무 자동화(RPA)를 기반으로 기업의 비생산적인 단순 업무를 획기적으로 간소화함으로써 직원들의 업무 역량을 필요한 곳에 집중할 수 있도록 돕는다. 만약 비즈플레이를 통해 지출결의서를 월 1000건 이상 처리하는 기업이라면 8억 1450만 원을 절약할 수 있다. 회계 마감일도 평균 5일에서 1일로 절약돼 연간 4684시간이 확보되는 셈이다.비즈플레이를 통해 비용 절감과 업무 효율 향상을 실현하는 기업 사례가 누적되면서 솔루션을 도입하는 기업도 꾸준히 증가하는 추세다. 현재 대기업과 공공기업 2800여 곳, 중소기업은 3만여 곳이 비즈플레이를 통해 업무의 혁신을 이뤄 나가고 있다. 비즈플레이는 경비지출관리 외에도 제로페이 기반 모바일 간편결제 서비스 앱 ‘비플제로페이’와 기업용 식권 서비스 ‘비플식권’을 통해 편리한 디지털 생태계를 구축중이다.손봉석 기자 paulsohn@kyunghyang.com
		",2023-08-17 01:24:00
데코,https://n.news.naver.com/mnews/article/119/0002740657?sid=102,"
경인지방우정청·하남우체국과 협의 통해 미사강변도시 우편서비스 획기적으로 개선



하남미사우체국에 설치된 무인우편접수기 모습.ⓒ하남시[데일리안 = 이도환 기자] 경기 하남시(시장 이현재)가 미사역 무인우편접수기 설치를 통해 미사강변도시 시민들의 우편물 접수 편의성 개선에 나선다.미사역 무인우편접수기 설치는 시민과 함께 만든 공약으로 추진되는 것으로, 하남시는 경인지방우정청·하남우체국과 협의를 통해 미사강변도시 우편서비스를 획기적으로 개선한다는 복안이다.미사강변도시에는 우편물을 접수할 수 있는 장소가 △하남미사우체국 △하남미사2동우편취급국 △아이데코무인우체국 등 3곳에 불과해 주민들이 인구 대비 우편 시설 부족에 따른 불편을 겪어야 했다.이현재 시장은 이 같은 문제를 해소하고자 취임 후 우정사업본부에 우체국이나 우편취급국 추가 설치를 지속해서 건의했으나, 우정사업본부에서 인접국과의 자체 거리 기준 미충족 및 주변 취급국의 수익성 악화를 이유로 난색을 보이면서 추가 설치가 진행되지 못했다.이에 하남시는 지난 7월부터 미사역에 무인우편접수기 설치를 목표로 경인지방우정청, 하남우체국과 협의를 진행해 나가면서 우편물 수거 방법을 비롯하여 점용료 등 부대비용에 관한 여러 제한 사항들을 한 단계씩 해결해 나가고 있다.이 시장은 “우리 시는 미사강변도시 주민들이 겪는 우편서비스 이용 불편 문제를 해소하기 위해 최대한 이른 시일 내에 무인우편접수기를 도입할 수 있도록 최선의 노력을 다하겠다”라고 강조했다.
		",2023-08-17 12:20:00
데코,https://n.news.naver.com/mnews/article/421/0006994566?sid=103,"
주례없는 웨딩 트렌드서 나아가 '파티 웨딩' 제안



인터컨티넨탈 파르나스 '더 로열 웨딩 스와레'(파르나스호텔 제공)(서울=뉴스1) 서미선 기자 = 파르나스호텔이 운영하는 그랜드 인터컨티넨탈 서울 파르나스는 16일 900명 규모 그랜드 볼룸에서 선보인 2023 웨딩 쇼케이스를 성료했다고 17일 밝혔다.프랑스 대저택 정원에서 펼쳐지는 한여름 밤의 웨딩을 콘셉트로 기획한 '더 로열 웨딩 스와레(파티)' 쇼케이스는 최근 선호하는 주례 없는 웨딩 트렌드에서 한 발 더 나아가 모두가 함께 즐길 수 있는 파티 웨딩을 제안했다.프랑스 귀족이 거주한 샤토(chateau)의 웅대한 정문을 연상하게 하는 게이트 구조물이 연출된 입구를 지나면 우아한 꽃 장식으로 여름 밤 정원을 구현한 리셉션 공간이 하객을 맞는다.칵테일 바와 포토존에서 하객은 혼주 및 신랑신부와 자연스러운 분위기 속 웰컴 리셉션을 즐길 수 있다. 신부는 별실에서 하객을 접견하는 방식이 아닌 열린 공간에서 하객과 어울린다.혼주 부모는 한복 대신 이브닝 드레스와 턱시도를 입는다. 웰컴 리셉션 칵테일로는 블루 하와이안, 워터멜론 모히또를 마련했다.그랜드 볼룸은 화이트와 그린 컬러 행잉 플라워 데코레이션, 실링 데코를 통해 입구와 무대를 연결하는 거대한 나무 장식, 크리스털 드롭 무대 장식으로 꾸몄다. 버진로드 중앙엔 분수를 설치했다.분수 주변 버진로드는 제2의 무대로 연출해 건배 제의나 식후 축하공연 등에서 활용할 수 있다. 쇼케이스에선 버진로드에서 신부와 아버님, 신부와 신랑이 '퍼스트 댄스'를 선보였고 분수를 중심으로 혼주와 신랑신부가 하객을 바라보고 건배 제의를 했다.프렌치 코스 메뉴도 준비됐다. 로브스터, 캐비어, 샤프란 아이올리와 생선 파피요트, 돔 페리뇽 소르베, 페리고 소스를 곁들인 한우 치마살 스테이크, 프로마주 메들리, 생토노레 등 10코스 메뉴가 첫선을 보인다. 호텔 수석 소믈리에는 와인 셀렉션을 마련했다.파르나스호텔 관계자는 ""이번 쇼케이스를 통해 급변하는 웨딩 트렌드에 맞춰 웅장하면서도 모던한 스와레 개념 새 웨딩 콘셉트를 제안한다""며 ""고객에게 새로운 경험을 선사할 수 있도록 웨딩 경쟁력을 강화하겠다""고 말했다.
		",2023-08-17 10:47:00
데코,https://n.news.naver.com/mnews/article/005/0001631474?sid=103,"




157년 전통의 프랑스 프리미엄 티 하우스 쿠스미티가 국내 최초로 써머 웰니스 티 마켓, '쿠스미 써머 팔레트' 팝업 스토어를 오픈했다고 17일 밝혔다.쿠스미 써머 팔레트는 다양한 과일과 허브, 그리고 쿠스미티만의 독보적인 티 레시피를 블렌딩해 완성했으며, 환상적인 여름 분위기를 담은 그린&옐로우의 비비드한 비주얼이 돋보인다. 특히 쿠스미티 글로벌 베스트셀러 ‘엑스퓨레 컬렉션’을 모티브로 한 것이 특징이다. 싱그러운 과일과 꽃, 쿠스미티 자이언트 메탈틴 등이 어우러진 감각적인 포토존을 포함한 다양한 콘텐츠를 제공해 쿠스미티를 색다른 방식으로 즐길 수 있다.모든 팝업 방문객은 쿠스미 써머 팔레트만의 여름 무드가 담긴 부채와 스티커, 포스트 카드를 웰컴 기프트로 제공받는다. 매일 달라지는 쿠스미티 웰컴 티가 준비돼 쿠스미티만의 특별한 블렌딩 티 레시피도 직접 맛볼 수 있다. 팝업 스토어 오픈을 기념해 출시된 ‘쿠스미 써머캔 에디션’도 만나볼 수 있다. 팝업 익스클루시브 에디션인 ‘쿠스미 써머캔 에디션’은 이번 팝업 스토어에서만 선보이는 특별한 캔 음료다. 또, 다이어트에 도움을 주는 웰니스 티, ‘엑스퓨레 오리지날’과 ‘엑스퓨레 애딕트’를 간편하고 시원하게 캔 음료로 즐길 수 있다.쿠스미티 인스타그램과 카카오채널을 모두 팔로우한 방문객에게는 쿠스미티 여름 베스트셀러 ‘아쿠아로사 미니캔’을 선물로 증정한다. 스티커 등 데코 용품으로 쿠스미 써머캔을 꾸밀 수 있는 ‘캔꾸스미티 콘테스트’ 공간이 마련돼 있어, 다채로운 쿠스미티 스티커로 자신만의 감성을 담은 쿠스미 써머캔을 직접 만들 수 있다. 완성된 쿠스미 써머캔을 인스타그램에 포스팅한 방문객들은 추첨을 통해 소정의 선물을 증정하며, 인스타그램 포스팅을 업로드한 모든 방문객에게는 캡슐 뽑기 콘텐츠인 ‘쿠스미 래플’ 응모 기회를 선사한다. ‘쿠스미 래플’ 이벤트는 키링, 래플 한정 스티커, 랜덤 티백 등 쿠스미 래플에서만 만나볼 수 있는 특별한 한정 기프트로 구성돼 있다.쿠스미 써머 팔레트에서 제품을 구매한 고객 대상 단독 혜택도 풍성하다. 쿠스미티 베스트&신상품을 20% 할인된 가격으로 만나볼 수 있으며, 구매 금액대별 기프트도 제공된다. 서울 강남구 신사동에 위치한 쿠스미 써머 팔레트는 8월 31일까지 팝업 스토어로 운영된다.
		",2023-08-17 10:41:00
데코,https://n.news.naver.com/mnews/article/018/0005552751?sid=101,"




(사진=스타럭스 제공)[이데일리 이윤정 기자] 157년 전통의 프랑스 프리미엄 티 하우스 쿠스미티는 국내 최초로 써머 웰니스 티 마켓 ‘쿠스미 써머 팔레트’ 팝업 스토어를 오픈했다고 17일 밝혔다.쿠스미 써머 팔레트는 다양한 과일과 허브, 그리고 쿠스미티만의 독보적인 티 레시피를 블렌딩해 완성한 여름 분위기를 담은 그린&옐로우의 비비드한 비주얼이 돋보인다. 특히 쿠스미티 글로벌 베스트셀러 ‘엑스퓨레 컬렉션’을 모티브로 한 것이 특징이다. 싱그러운 과일과 꽃, 쿠스미티 자이언트 메탈틴 등이 어우러진 감각적인 포토존을 포함한 다양한 콘텐츠를 제공해 쿠스미티를 색다른 방식으로 즐길 수 있다.



(사진=스타럭스 제공)쿠스미티는 모든 팝업 방문객에게 쿠스미 써머 팔레트만의 여름 무드가 담긴 부채와 스티커, 포스트 카드를 웰컴 기프트를 제공한다. 또한 매일 달라지는 쿠스미티 웰컴 티가 준비돼 쿠스미티만의 특별한 블렌딩 티 레시피도 직접 맛볼 수 있다. 팝업 스토어 오픈을 기념해 출시된 ‘쿠스미 써머캔 에디션’도 만나볼 수 있다. 팝업 익스클루시브 에디션인 ‘쿠스미 써머캔 에디션’은 이번 팝업 스토어에서만 선보이는 특별한 캔 음료다. 웰니스 티 ‘엑스퓨레 오리지날’과 ‘엑스퓨레 애딕트’도 간편하고 시원하게 캔 음료로 즐길 수 있다.쿠스미티 인스타그램과 카카오채널을 모두 팔로우한 방문객에게는 쿠스미티 여름 베스트셀러 ‘아쿠아로사 미니캔’을 선물로 증정한다. 스티커 등 데코 용품으로 쿠스미 써머캔을 꾸밀 수 있는 ‘캔꾸스미티 콘테스트’ 공간이 마련돼 있어, 다채로운 쿠스미티 스티커로 자신만의 감성을 담은 쿠스미 써머캔을 직접 만들 수 있다. 완성된 쿠스미 써머캔을 인스타그램에 포스팅하면 추첨을 통해 소정의 선물을 증정하며, 인스타그램 포스팅을 업로드한 모든 방문객에게는 캡슐 뽑기 콘텐츠인 ‘쿠스미 래플’ 응모 기회를 선사한다. ‘쿠스미 래플’ 이벤트는 키링, 래플 한정 스티커, 랜덤 티백 등 쿠스미 래플에서만 만나볼 수 있는 특별한 한정 기프트로 구성돼 있다.팝업스토어 구매 고객 대상 단독 혜택도 풍성하다. 쿠스미티 베스트 셀러와 신상품을 20% 할인된 가격으로 만나볼 수 있으며, 구매 금액대별 기프트도 제공된다. 쿠스미 써머 팔레트는 8월 31일까지 팝업 스토어로 운영되며, 팝업 스토어와 관련된 다양한 소식은 쿠스미티 인스타그램과 카카오채널에서 확인할 수 있다.
",2023-08-17 09:09:00
데코,https://n.news.naver.com/mnews/article/277/0005301090?sid=101,"




[▲사진=스타럭스 제공]157년 전통의 프랑스 프리미엄 티 하우스 쿠스미티가 국내 최초로 써머 웰니스 티 마켓, ‘쿠스미 써머 팔레트’ 팝업 스토어를 오픈했다고 17일 밝혔다.쿠스미 써머 팔레트는 다양한 과일과 허브, 그리고 쿠스미티만의 독보적인 티 레시피를 블렌딩해완성했으며, 환상적인 여름 분위기를 담은 그린&옐로우의 비비드한 비주얼이 돋보인다. 특히 쿠스미티 글로벌 베스트셀러 ‘엑스퓨레 컬렉션’을 모티브로 한 것이 특징이다. 싱그러운 과일과 꽃, 쿠스미티 자이언트 메탈틴 등이 어우러진 감각적인 포토존을 포함한 다양한 콘텐츠를 제공해 쿠스미티를 색다른 방식으로 즐길 수 있다.



[▲사진=스타럭스 제공]모든 팝업 방문객은 쿠스미 써머 팔레트만의 여름 무드가 담긴 부채와 스티커, 포스트 카드를 웰컴 기프트로 제공받는다. 매일 달라지는 쿠스미티 웰컴 티가 준비돼 쿠스미티만의 특별한 블렌딩 티 레시피도 직접 맛볼 수 있다. 팝업 스토어 오픈을 기념해 출시된 ‘쿠스미 써머캔 에디션’도 만나볼 수 있다. 팝업 익스클루시브 에디션인 ‘쿠스미 써머캔 에디션’은 이번 팝업 스토어에서만 선보이는 특별한 캔 음료다. 또, 다이어트에 도움을 주는 웰니스 티, ‘엑스퓨레 오리지날’과 ‘엑스퓨레 애딕트’를 간편하고 시원하게 캔 음료로 즐길 수 있다.쿠스미티 인스타그램과 카카오채널을 모두 팔로우한 방문객에게는 쿠스미티 여름 베스트셀러 ‘아쿠아로사 미니캔’을 선물로 증정한다. 스티커 등 데코 용품으로 쿠스미 써머캔을 꾸밀 수 있는 ‘캔꾸스미티 콘테스트’ 공간이 마련돼 있어, 다채로운 쿠스미티 스티커로 자신만의 감성을 담은 쿠스미 써머캔을 직접 만들 수 있다. 완성된 쿠스미 써머캔을 인스타그램에 포스팅한 방문객들은 추첨을 통해 소정의 선물을 증정하며, 인스타그램 포스팅을 업로드한 모든 방문객에게는 캡슐 뽑기 콘텐츠인 ‘쿠스미 래플’ 응모 기회를 선사한다. ‘쿠스미 래플’ 이벤트는 키링, 래플 한정 스티커, 랜덤 티백 등 쿠스미 래플에서만 만나볼 수 있는 특별한 한정 기프트로 구성돼 있다.쿠스미 써머 팔레트에서 제품을 구매한 고객 대상 단독 혜택도 풍성하다. 쿠스미티 베스트&신상품을 20% 할인된 가격으로 만나볼 수 있으며, 구매 금액대별 기프트도 제공된다. 서울 강남구 신사동 위치한 쿠스미 써머 팔레트는 8월 31일까지 팝업 스토어로 운영되며, 팝업 스토어와 관련된 다양한 소식은 쿠스미티 인스타그램과 카카오채널에서 확인할 수 있다.
",2023-08-17 09:00:00
자강,https://n.news.naver.com/mnews/article/014/0005058410?sid=100,"
-EU ""북·러 무기 협력, 국제법 위반…안보리 결의 준수해야""  -9·9절 '민간무력 열병식' 준비 정황 포착 ""훈련장에 차량 수백대""  -내부 결속력 위해 ‘열병식 정치’를 가동해야만 하는 상황에 처해 -민간무력 내세운 것은 공세적인 전면전 도발 옵션 상정을 시사  -제2의 6·25전쟁 가능하단 신호로 간주, 다차원적 상쇄 조치 강화해야  [파이낸셜뉴스]   



북한이 '전승절'(6ㆍ25전쟁 정전협정기념일) 70주년인 지난달 27일 저녁 평양 김일성광장에서 열병식을 개최했다고 조선중앙통신이 다음날인 28일 보도했다. 사진=조선중앙통신유럽연합(EU)이 북한과 러시아의 불법적인 무기 협력은 명백한 국제법 위반이라고 지적하고 북한에 안보리 결의를 준수할 것을 촉구했다.   미국의소리(VOA) 방송에 따르면 16일(현지시간) 피터 스타노 EU 대변인이 북·러가 지난 15일 광복절 기념 축전을 주고받고 양국 간 전략적 관계 발전을 언급한 데 대해 “잇단 유엔 안보리 결의(1718, 1874, 2270호)는 북한의 군사 장비 수출입을 금지하고 있다”며 양국 간의 거래에 대한 비판적인 입장을 재확인했다.   이어 스타노 대변인은 “EU는 북한이 이 같은 유엔 안보리 결의와 다른 관련 결의에 따른 의무를 준수할 것을 촉구한다”며 “이것이 한반도의 지속 가능한 평화와 안보로 가는 길”이라고 덧붙였다.     ■EU 북·러 무기 협력, 국제법 위반…안보리 결의 준수 촉구  지난 15일 북한 대외 관영 선전매체 ‘조선중앙통신’은 김정은과 블라디미르 푸틴 러시아 대통령이 광복절, 북한 명칭 ‘조선해방의 날’ 78주년을 맞아 축전을 주고받았다고 보도했다.   피터 스타노 대변인은 또 세르게이 쇼이구 러시아 국방장관이 북한과의 군사 협력의 정당성을 주장하는 발언을 한 데 대해서도 북·러 간 무기 거래는 ‘유엔 안보리 결의 위반’이라며 일축하고 이어 ""북한 기관들과 러시아 정부 또는 민간 군사 기업 간의 무기 거래는 러시아가 스스로 공동 작성한 유엔 안보리 결의를 명백히 위반하는 것이며, 북한이 불법적인 핵과 미사일 프로그램을 지원하는 데 사용할 수 있는 자금을 제공할 것""이라고 지적했다.   아울러 이러한 무기거래는 “러시아의 우크라이나에 대한 불법적인 침략 전쟁을 지원하는 것이기도 하다”고 비판했다.   쇼이구 러시아 국방장관은 한국전쟁 정전협정체결일, 북한의 이른바 ‘전승절’을 맞아 지난달 25일부터 27일까지 북한을 방문해 열병식을 참관했으며, 김정은과 함께 각종 무기들이 전시된 군수 물자 전시회를 둘러보기도 했다.    



김정은(가운데) 북한 노동당 총비서가 북한이 2021년 9월 9일 북한 평양의 김일성 광장에서 열린 공화국 창건 73돌 경축 '민간·안전 무력 열병식'에 참석해 군대와 군중을 향해 손을 흔들고 있다. 이번 열병식은 정규군이 아닌 예비군 성격의 지방 노농적위군, 사업소·단위별 종대가 참석하는 형식으로 이뤄졌고 김정은 총비서의 연설도 없었던 것으로 전해졌다. 사진=조선중앙통신  ■北내부 결속력 위해 ‘열병식 정치’를 가동해야만 하는 상황에 처해   북한은 지난달 27일 '전승절(한국전쟁, 정전협정 체결일)' 열병식 이후 다음달 9일 정권 수립 75주년 기념 열병식을 준비하는 동향이 포착됐다.   VOA는 이날 상업 위성 서비스 '플래닛랩스'의 지난 9일 위성사진에 평양 미림비행장 북쪽 열병식 훈련장 공터에 차량 수백 대가 모여 있는 모습이 담겼다고 보도했다.   북한이 이번에도 열병식을 강행한다면 건군절(2월 8일)과 전승절에 이어 올해 들어 세 번째 열병식이다. 김정은 집권 이래 1년에 세 차례 열병식이 열린 적은 없어 이례적이라는 평가가 나온다.   북한은 지난 2021년 정권 수립 73주년 9·9절에도 '민간 및 안전무력 열병식'을 개최한 바 있는데 대륙간탄도미사일(ICBM) 등 전략무기 없이 재래식 무기를 동원해 열병식을 감행한 사례에 비취어 이번에도 비슷한 양상의 열병식을 진행할 가능성이 큰 것으로 관측된다.   전문가들은 경제를 살펴보겠다는 의지를 보였던 김정은도 집권이 10년을 훌쩍 넘어섰지만 경제정책 실패로 피폐한 경제가 지속돼 민심이 동요하는 상황에서 내부 결속력을 다지기 위해 소위 ‘열병식 정치’를 가동해야만 하는 상황에 내몰리고 있음을 방증한다고 지적했다.       ■   제2의 6·25전쟁 신호로 간주, 다차원적 상쇄 조치 강화해야   이어 북한의 열병식 정치를 단순히 지켜보는 안이한 자세는 안이한 대응으로 이어질 수 있다며 이번 '을지 자유의 방패'(UFS·Ulchi Freedom Shield) 연합연습을 진행하는데도 이러한 상황을 적극 참고해 북한의 위협을 상쇄하는 강화 대응 조치가 필요하다고 진단했다.   반길주 고려대학교 일민국제관계연구원 연구교수는 ""북한 주장 ‘전승절’ 기념 열병식을 진행한 데 이어 오는 9월 9일 정권수립 75주년 열병식을 '민간무력열병식'이라는 이름으로 진행한다는 것은 국내문제를 열병식 정치로 돌파하려는 의도""라고 짚었다.   북한은 지난 2021년 '민간 및 안전무력열병식'을 개최로 소위 민간전사를 내세운 적이 있지만 이번엔 그야말로 '민간무력'을 그 중심에 전면배치하는 열병식이라는 점이 더욱 도드라진다는 지적이다.   반 교수는 ""민간무력에 주안을 둔다는 점에서 국지도발이나 핵위협뿐 아니라 전면전도 도발 옵션으로 상정하고 있다는 공세적 정책을 노골적으로 드러내는 측면이 있다""며 ""민간전사가 필요한 상황은 사실 전면전과 총력전의 상황을 상정하는 것으로, 이는 제2의 6·25전쟁도 일으킬 수 있다는 신호를 간접적으로 시사한다""고 강조했다.   그러면서 반 교수는 ""이번 열병식 계획에는 전면전 옵션의 존재 사실 과시를 셈법에 두고 있다는 포석을 간파해야 한다""며 ""자강·동맹·연대를 한층 높여서 국지도발, 전면전, 핵공세라는 다차원적 위협을 상쇄하는 조치를 강화하는 데 노력을 집중해야 한다""고 제언했다.    



북한이 2021년 9월 9일 새벽 정권수립 73주년을 맞아 열병식을 개최했다고 조선중앙TV가 9일 보도했다. 북한 매체들은 이날 열병식을 '민간 및 안전무력 열병식'으로 규정으며 김정은 북한 조선노동당 총비서 겸 국무위원장이 참석했다. 열병식에는 예비군 조직인 노농적위군이 등장했다. 사진=조선중앙TV 캡처  



북한이 2021년 9월 9일 새벽 새벽 정권수립 73주년을 맞아 열병식을 개최했다고 조선중앙TV가 9일 보도했다. 북한 매체들은 이날 열병식을 '민간 및 안전무력 열병식'으로 규정으며 김정은 북한 조선노동당 총비서 겸 국무위원장이 참석했다. 열병식에는 예비군 조직인 노농적위군이 등장했다. 사진=조선중앙TV 캡처
",2023-08-17 15:57:00
제이에스,https://n.news.naver.com/mnews/article/028/0002652739?sid=102,"
			◆ 윤지영(평화활동가)씨 별세: 임종진(전 한겨레 기자)씨 부인, 리솔씨 모친, 윤호근(씨디큐세미텍 대표) 김점연씨 딸, 영경씨 언니, 승관(씨디큐세미텍 대리)씨 누나, 홍지훈(사업)씨 처형=16일 오후 5시18분 연세대세브란스병원. 발인 19일 오전 7시20분. (02)2227-7550.◆ 이규정(제11·15대 국회의원)씨 별세=17일 오전 울산병원. 발인 19일 오전 7시. (052)227-1024. 문의: (02)757-6617~8.◆ 임덕규(제11대 국회의원·월간 디플로머시 회장)씨 별세: 이정순씨 남편, 종국 진경 종덕 종명씨 부친, 이내성씨 장인=17일 오후 12시8분 연세대세브란스병원. 발인 19일 오전 8시. (02)2227-7556.◆ 오맹선(전 중원건설 대표)씨 별세: 이혜순씨 남편, 경희(백석대 어문학부 교수) 진수(전 에스케이건설 전문위원) 정훈(포스코경영연구원 상무) 경진씨 부친, 안창균(전 에스비에스 데이터정보팀장) 문세연(건창기술단 상무)씨 장인=16일 오후 6시 연세대세브란스병원. 발인 19일 오전 9시. (02)2227-7547.◆ 오명옥씨 별세: 김범태(국립5·18민주묘지 관리소장)씨 부인, 대영 현진씨 모친=17일 오전 9시13분 광주 조선대병원. 발인 19일 오전 8시30분. (062)220-3352.◆ 석지연씨 별세: 김나민(강남제이에스병원장)씨 부인=17일 오전 6시 중앙대병원. 발인 19일 오전 11시. (02)860-3501.
		",2023-08-17 19:09:00
제이에스,https://n.news.naver.com/mnews/article/015/0004880991?sid=102,"
			▶손춘자씨 별세, 김중호 자영업·김중권 제이앤오상사 대표 모친상, 김경림 한국경제신문 편집부 기자 조모상=17일 옥산전문장례식장 발인 19일 오전 7시 053-801-4443▶김동진씨 별세, 김학범 前 올림픽축구대표팀 감독 장인상=17일 용인세브란스병원 발인 19일 오전 8시 031-678-7600▶김운복씨 별세, 김남규 前 프로야구 한화 이글스 운영팀 매니저 부친상=17일 고려대구로병원 발인 19일 오전 8시 02-857-0444▶석지연씨 별세, 김나민 강남제이에스병원장 부인상=17일 서울 중앙대병원 발인 19일 오전 11시 02-860-3501▶오맹선 前 중원건설 대표 별세, 이혜순씨 남편상, 오경희 백석대 어문학부 교수·오진수 前 SK건설 전문위원·오정훈 포스코경영연구원 상무 부친상, 안창균 前 SBS 데이터정보팀장·문세연 건창기술단 상무 장인상=16일 신촌세브란스병원 발인 19일 오전 9시 02-2227-7547▶윤지영 평화활동가 별세, 임종진 前 한겨레신문 기자 부인상, 윤호근 씨디큐세미텍 대표 자녀상, 윤승관 씨디큐세미텍 대리 누나상=16일 신촌세브란스병원 발인 19일 오전 7시20분 02-2227-7556
",2023-08-17 19:05:00
제이에스,https://n.news.naver.com/mnews/article/018/0005553420?sid=102,"
			[이데일리 편집국] ▲오맹선(전 중원건설 대표)씨 별세, 이혜순씨 남편상, 오경희(백석대 어문학부 교수)·오진수(전 SK건설 전문위원)·오정훈(포스코경영연구원 상무)·오경진씨 부친상, 안창균(전 SBS 데이터정보팀장)·문세연(건창기술단 상무)씨 장인상 = 16일 오후 6시, 신촌세브란스병원 장례식장 11호실(17일 오전 10시부터 조문 가능), 발인 19일 오전 9시, 장지 경기도 광주 시안가족추모공원. 02-2227-7547▲윤지영(평화활동가)씨 별세, 임종진(전 한겨레신문 기자)씨 부인상, 임리솔양 모친상, 윤호근(씨디큐세미텍 대표이사)·김점연씨 자녀상, 윤영경씨 언니상, 윤승관(씨디큐세미텍 대리)씨 누나상, 홍지훈(자영업)씨 처제상 = 16일 오후 5시18분, 신촌세브란스병원 장례식장 특1호실(17일 오후 1시부터 조문 가능), 발인 19일 오전 7시20분, 장지 파주 서현추모공원. 02-2227-7550▲김동진씨 별세, 김학범(전 올림픽 축구대표팀 감독)씨 장인상 = 17일, 용인시 기흥구 중동 724-7 연세대학교 용인장례식장 2층 특실, 발인 19일 오전 8시, 장지 용인평온의숲. 031-678-7600 ▲김운복씨 별세, 김남규(전 프로야구 한화 이글스 운영팀 매니저)씨 부친상 = 17일, 서울 고려대학교 구로병원 장례식장 지하 2층 102호, 발인 19일 오전 8시. 02-857-0444▲석지연씨 별세, 김나민(강남제이에스병원장)씨 부인상 = 17일, 서울 중앙대학교병원 장례식장 1호실, 발인 19일 오전 11시. 02-860-3501
",2023-08-17 18:14:00
제이에스,https://n.news.naver.com/mnews/article/011/0004227561?sid=102,"
			[서울경제] ▲오맹선씨(전 중원건설 대표)별세, 이혜순씨 남편상, 오경희(백석대 어문학부 교수)·오진수(전 SK건설 전문위원)·오정훈(포스코경영연구원 상무)·오경진씨 부친상, 안창균(전 SBS 데이터정보팀장)·문세연씨(건창기술단 상무)장인상=16일 신촌세브란스병원 발인 19일 오전 9시 (02)2227-7547▲석지연씨 별세, 김나민씨(강남제이에스병원장)부인상=17일 중앙대병원 발인 19일 오전 11시 (02)860-3501▲김동진씨 별세, 김학범씨(전 올림픽 축구 대표팀 감독)장인상=17일 연세대용인장례식장 발인 19일 오전 8시 (031)678-7600
",2023-08-17 17:51:00
제이에스,https://n.news.naver.com/mnews/article/296/0000068825?sid=101,"
			석지연 씨 별세, 김나민 강남제이에스병원 원장 상배  △빈소: 중앙대병원 장례식장 1호실  △발인: 2023년 8월 19일 (토) 오전 11시  △장지: 서울추모공원 → 분당메모리얼파크  △연락처: 02-860-3501
",2023-08-17 17:00:00
제이에스,https://n.news.naver.com/mnews/article/029/0002819886?sid=102,"
			△오맹선(전 중원건설 대표)씨 별세, 이혜순씨 남편상, 오경희(백석대 어문학부 교수)·오진수(전 SK건설 전문위원)·오정훈(포스코경영연구원 상무)·오경진씨 부친상, 안창균(전 SBS 데이터정보팀장)·문세연(건창기술단 상무)씨 장인상 = 16일 오후 6시, 신촌세브란스병원 장례식장 11호실, 발인 19일 오전 9시, 장지 경기도 광주 시안가족추모공원. (02)2227-7547.△윤지영(평화활동가)씨 별세, 임종진(전 한겨레신문 기자)씨 부인상, 임리솔양 모친상, 윤호근(씨디큐세미텍 대표이사)·김점연씨 자녀상, 윤영경씨 언니상, 윤승관(씨디큐세미텍 대리)씨 누나상, 홍지훈(자영업)씨 처제상 = 16일 오후 5시18분, 신촌세브란스병원 장례식장 특1호실, 발인 19일 오전 7시20분, 장지 파주 서현추모공원. (02)2227-7550.△김동진씨 별세, 김학범(전 올림픽 축구대표팀 감독)씨 장인상 = 17일, 용인시 기흥구 중동 724-7 연세대학교 용인장례식장 2층 특실, 발인 19일 오전 8시, 장지 용인평온의숲. (031)678-7600.△김운복씨 별세, 김남규(전 프로야구 한화 이글스 운영팀 매니저)씨 부친상 = 17일, 서울 고려대학교 구로병원 장례식장 지하 2층 102호, 발인 19일 오전 8시. (02)857-0444.△석지연씨 별세, 김나민(강남제이에스병원장)씨 부인상 = 17일, 서울 중앙대학교병원 장례식장 1호실, 발인 19일 오전 11시. (02)860-3501 
		",2023-08-17 16:49:00
제이에스,https://n.news.naver.com/mnews/article/014/0005058439?sid=102,"
▲  석지연씨 별세·  김나민씨(강남제이에스병원장) 상배=17일 중앙대병원, 발인 19일 오전 11시. (02)860-3501
		",2023-08-17 16:48:00
제이에스,https://n.news.naver.com/mnews/article/001/0014137069?sid=102,"
			▲ 석지연씨 별세, 김나민(강남제이에스병원장)씨 부인상 = 17일, 서울 중앙대학교병원 장례식장 1호실, 발인 19일 오전 11시. ☎ 02-860-3501 (서울=연합뉴스)
",2023-08-17 16:21:00
